Sample_ID,crt_76T,dhfr_51I,dhfr_59R,dhfr_108N,dhps_437G,dhps_540E,dhps_581G,mdr1_N86,mdr1_184F,mdr1_D1246,k13_433D,k13_441L,k13_574L,k13_622I,k13_658E,k13_675V
Phem1,1,1,1,1,1,1,1,1,1,1,0,1,0,0,0,0
Phem10,1,1,1,1,1,1,0,1,1,1,0,0,0,0,0,0
Phem11,NA,1,1,1,1,1,0,1,1,1,0,0,NA,NA,0,0
Phem12,1,1,1,1,1,1,0.037717602,1,1,1,0,0,0,0,0,0
Phem13,1,1,1,1,1,1,0,1,1,1,0,1,0,0,0,0
Phem14,1,1,1,1,1,1,0,1,1,1,0,0,0,0,0,0
Phem15,1,1,1,1,1,1,0,1,1,1,0,0,0,0,0,0
Phem2,1,1,1,1,1,1,0,1,1,1,0,0,0,0,0,0
Phem3,1,1,1,1,1,1,0,1,1,1,0,0,0,0,0,0
Phem4,1,1,1,1,1,1,0,1,1,1,0,0,0,0,0,0
Phem5,NA,1,1,1,1,1,0,1,1,1,0,0,NA,NA,0,0
Phem6,NA,1,0.875749786,1,1,1,0.029087704,1,1,1,0,0.242536252,NA,NA,0,0
Phem7,1,1,1,1,1,1,0,1,1,1,0,0,0,0,0,0
Phem8,1,1,1,1,1,1,0,1,1,1,0,0,0,0,0,0
Phem9,1,1,1,1,1,1,0,1,1,1,0,0,0,0,0,0
